,Sex,Sex,Sex,Sex,Marital status,Marital status,Marital status,Marital status,Age,Age,Age,Age,Education,Education,Education,Education,Income,Income,Income,Income,Occupation,Occupation,Occupation,Occupation,Settlement size,Settlement size,Settlement size,Settlement size
,mean,std,min,max,mean,std,min,max,mean,std,min,max,mean,std,min,max,mean,std,min,max,mean,std,min,max,mean,std,min,max
Cluster,,,,,,,,,,,,,,,,,,,,,,,,,,,,
0,0.0,0.0,0,0,0.0,0.0,0,0,42.622754491017965,7.960953333337683,30,68,1.0538922155688624,0.22614367406717795,1,2,139408.02095808383,24866.899018239947,82398,219319,1.2365269461077844,0.47871942310555304,0,2,1.4341317365269461,0.6103484413272545,0,2
1,1.0,0.0,1,1,0.9947916666666666,0.07207450694790883,0,1,27.684895833333332,4.671694778557723,18,42,1.0,0.0,1,1,120053.16927083333,22878.938122508473,88800,223185,1.0572916666666667,0.2541539147024352,0,2,0.7447916666666666,0.7422173809316288,0,2
2,0.8225108225108225,0.3829118625056965,0,1,1.0,0.0,1,1,28.541125541125542,5.74280620215198,19,43,1.0216450216450217,0.1458375345580753,1,2,83898.83549783549,20127.658035189226,35832,129304,0.0,0.0,0,0,0.0,0.0,0,0
3,0.0,0.0,0,0,0.0,0.0,0,0,27.81283422459893,3.264709638047135,20,33,0.0,0.0,0,0,133548.01069518717,35272.21561067446,87598,255198,1.1283422459893049,0.3804340058085944,0,2,1.2566844919786095,0.7608680116171886,0,2
4,0.36633663366336633,0.4842059949490035,0,1,0.5346534653465347,0.5012854762636468,0,1,53.257425742574256,12.536070728379393,23,76,1.9405940594059405,0.5257714746582934,1,3,209883.82178217822,43095.822791634,154344,309364,1.8712871287128714,0.3365521159236312,1,2,1.5346534653465347,0.5579311146663819,0,2
5,0.0,0.0,0,0,1.0,0.0,1,1,29.038961038961038,5.325831877558154,18,42,1.0,0.0,1,1,123856.46753246753,25935.259847835656,88475,214620,1.1233766233766234,0.46199230503059047,0,2,1.0844155844155845,0.7999289077995098,0,2
6,0.6543778801843319,0.4766702652050688,0,1,0.7926267281105991,0.4063626069858973,0,1,53.68663594470046,9.346887787703679,28,74,2.1152073732718892,0.320010240491546,2,3,125926.32258064517,27691.952854994488,51882,190518,0.5576036866359447,0.5070336477851799,0,2,0.6082949308755761,0.7506326625550978,0,2
7,1.0,0.0,1,1,0.0,0.0,0,0,33.46583850931677,7.993771838047282,19,52,0.8198757763975155,0.43139597178468153,0,2,95789.27329192546,20878.056695663625,36760,139468,0.37267080745341613,0.4850241717739115,0,1,0.062111801242236024,0.24211157019514845,0,1
8,0.0,0.0,0,0,0.0,0.0,0,0,35.79220779220779,7.614067636554457,21,53,0.7056277056277056,0.45674978395408594,0,1,94683.05627705628,22880.476887158085,43684,171857,0.2077922077922078,0.406608315030646,0,1,0.06060606060606061,0.23912444596644974,0,1
